model,test_accuracy,macro_precision,macro_recall,macro_f1,weighted_f1,test_images,misclassified
mobilenet_v3_small,0.9,0.924812030075188,0.878125,0.8893609433163187,0.8970679624635001,60,6
resnet18,0.8666666666666667,0.8585580065359477,0.8520833333333333,0.853105356975326,0.8657066016199143,60,8
